timeStamp,elapsed,label,responseCode,responseMessage,threadName,dataType,success,failureMessage,bytes,sentBytes,grpThreads,allThreads,URL,Latency,IdleTime,Connect
1704698157057,584,resultValidation,200,OK,Thread Group 1-27,text,true,,299,249,39,39,https://testapi.logiqids.com/v1/user/result/login/validation/,584,0,415
1704698157101,526,resultValidation,200,OK,Thread Group 1-28,text,true,,299,249,40,40,https://testapi.logiqids.com/v1/user/result/login/validation/,526,0,370
1704698157151,582,resultValidation,200,OK,Thread Group 1-29,text,true,,299,249,40,40,https://testapi.logiqids.com/v1/user/result/login/validation/,582,0,320
1704698157200,633,resultValidation,200,OK,Thread Group 1-30,text,true,,299,249,40,40,https://testapi.logiqids.com/v1/user/result/login/validation/,633,0,338
1704698157299,548,resultValidation,200,OK,Thread Group 1-32,text,true,,299,249,40,40,https://testapi.logiqids.com/v1/user/result/login/validation/,548,0,352
1704698157253,613,resultValidation,200,OK,Thread Group 1-31,text,true,,299,249,40,40,https://testapi.logiqids.com/v1/user/result/login/validation/,613,0,400
1704698157350,548,resultValidation,200,OK,Thread Group 1-33,text,true,,299,249,40,40,https://testapi.logiqids.com/v1/user/result/login/validation/,547,0,335
1704698157661,268,sendOTP,200,OK,Thread Group 1-27,text,true,,279,280,40,40,https://testapi.logiqids.com/v1/user/result/send/otp/,268,0,0
1704698157708,233,sendOTP,200,OK,Thread Group 1-28,text,true,,279,280,40,40,https://testapi.logiqids.com/v1/user/result/send/otp/,233,0,0
1704698157752,201,sendOTP,200,OK,Thread Group 1-29,text,true,,279,280,40,40,https://testapi.logiqids.com/v1/user/result/send/otp/,200,0,0
1704698157401,576,resultValidation,200,OK,Thread Group 1-34,text,true,,299,249,40,40,https://testapi.logiqids.com/v1/user/result/login/validation/,576,0,376
1704698157454,529,resultValidation,200,OK,Thread Group 1-35,text,true,,299,249,40,40,https://testapi.logiqids.com/v1/user/result/login/validation/,529,0,331
1704698156799,1193,resultValidation,200,OK,Thread Group 1-22,text,true,,299,249,40,40,https://testapi.logiqids.com/v1/user/result/login/validation/,1193,0,846
1704698156851,1168,resultValidation,200,OK,Thread Group 1-23,text,true,,299,249,40,40,https://testapi.logiqids.com/v1/user/result/login/validation/,1168,0,811
1704698156581,1446,resultValidation,200,OK,Thread Group 1-17,text,true,,299,249,40,40,https://testapi.logiqids.com/v1/user/result/login/validation/,1446,0,1084
1704698156480,1567,resultValidation,200,OK,Thread Group 1-15,text,true,,299,249,40,40,https://testapi.logiqids.com/v1/user/result/login/validation/,1567,0,1185
1704698156428,1637,resultValidation,200,OK,Thread Group 1-14,text,true,,299,249,40,40,https://testapi.logiqids.com/v1/user/result/login/validation/,1637,0,1325
1704698156120,1971,resultValidation,200,OK,Thread Group 1-2,text,true,,299,249,40,40,https://testapi.logiqids.com/v1/user/result/login/validation/,1971,0,1637
1704698156118,1979,resultValidation,200,OK,Thread Group 1-4,text,true,,299,249,40,40,https://testapi.logiqids.com/v1/user/result/login/validation/,1978,0,1575
1704698156126,1979,resultValidation,200,OK,Thread Group 1-3,text,true,,299,249,40,40,https://testapi.logiqids.com/v1/user/result/login/validation/,1978,0,1564
1704698156186,1950,resultValidation,200,OK,Thread Group 1-8,text,true,,299,249,40,40,https://testapi.logiqids.com/v1/user/result/login/validation/,1950,0,1510
1704698156604,1546,resultValidation,200,OK,Thread Group 1-18,text,true,,299,249,40,40,https://testapi.logiqids.com/v1/user/result/login/validation/,1546,0,1096
1704698156951,1220,resultValidation,200,OK,Thread Group 1-25,text,true,,299,249,40,40,https://testapi.logiqids.com/v1/user/result/login/validation/,1219,0,755
1704698156705,1502,resultValidation,200,OK,Thread Group 1-20,text,true,,299,249,40,40,https://testapi.logiqids.com/v1/user/result/login/validation/,1502,0,1025
1704698156651,1561,resultValidation,200,OK,Thread Group 1-19,text,true,,299,249,40,40,https://testapi.logiqids.com/v1/user/result/login/validation/,1561,0,1085
1704698156145,2071,resultValidation,200,OK,Thread Group 1-7,text,true,,299,249,40,40,https://testapi.logiqids.com/v1/user/result/login/validation/,2071,0,1592
1704698156377,1870,resultValidation,200,OK,Thread Group 1-13,text,true,,299,249,40,40,https://testapi.logiqids.com/v1/user/result/login/validation/,1870,0,1371
1704698156126,2130,resultValidation,200,OK,Thread Group 1-5,text,true,,299,249,40,40,https://testapi.logiqids.com/v1/user/result/login/validation/,2130,0,1614
1704698156126,2139,resultValidation,200,OK,Thread Group 1-1,text,true,,299,249,40,40,https://testapi.logiqids.com/v1/user/result/login/validation/,2139,0,1619
1704698156750,1541,resultValidation,200,OK,Thread Group 1-21,text,true,,299,249,40,40,https://testapi.logiqids.com/v1/user/result/login/validation/,1541,0,1000
1704698156267,2034,resultValidation,200,OK,Thread Group 1-10,text,true,,299,249,40,40,https://testapi.logiqids.com/v1/user/result/login/validation/,2033,0,1487
1704698156126,2189,resultValidation,200,OK,Thread Group 1-6,text,true,,299,249,40,40,https://testapi.logiqids.com/v1/user/result/login/validation/,2189,0,1625
1704698156222,2122,resultValidation,200,OK,Thread Group 1-9,text,true,,299,249,40,40,https://testapi.logiqids.com/v1/user/result/login/validation/,2122,0,1521
1704698156334,2017,resultValidation,200,OK,Thread Group 1-12,text,true,,299,249,40,40,https://testapi.logiqids.com/v1/user/result/login/validation/,2017,0,1457
1704698157500,865,resultValidation,200,OK,Thread Group 1-36,text,true,,299,249,40,40,https://testapi.logiqids.com/v1/user/result/login/validation/,865,0,306
1704698156899,1486,resultValidation,200,OK,Thread Group 1-24,text,true,,299,249,40,40,https://testapi.logiqids.com/v1/user/result/login/validation/,1485,0,898
1704698156302,2092,resultValidation,200,OK,Thread Group 1-11,text,true,,299,249,40,40,https://testapi.logiqids.com/v1/user/result/login/validation/,2091,0,1495
1704698156523,1893,resultValidation,200,OK,Thread Group 1-16,text,true,,299,249,40,40,https://testapi.logiqids.com/v1/user/result/login/validation/,1893,0,1286
1704698157001,1438,resultValidation,200,OK,Thread Group 1-26,text,true,,299,249,40,40,https://testapi.logiqids.com/v1/user/result/login/validation/,1438,0,828
1704698157833,613,sendOTP,200,OK,Thread Group 1-30,text,true,,279,280,40,40,https://testapi.logiqids.com/v1/user/result/send/otp/,613,0,0
1704698157550,932,resultValidation,200,OK,Thread Group 1-37,text,true,,299,249,40,40,https://testapi.logiqids.com/v1/user/result/login/validation/,931,0,295
1704698157848,644,sendOTP,200,OK,Thread Group 1-32,text,true,,279,280,40,40,https://testapi.logiqids.com/v1/user/result/send/otp/,644,0,0
1704698157598,900,resultValidation,200,OK,Thread Group 1-38,text,true,,299,249,40,40,https://testapi.logiqids.com/v1/user/result/login/validation/,900,0,248
1704698157699,839,resultValidation,200,OK,Thread Group 1-40,text,true,,299,249,40,40,https://testapi.logiqids.com/v1/user/result/login/validation/,839,0,158
1704698157650,898,resultValidation,200,OK,Thread Group 1-39,text,true,,299,249,40,40,https://testapi.logiqids.com/v1/user/result/login/validation/,898,0,204
1704698157867,694,sendOTP,200,OK,Thread Group 1-31,text,true,,279,280,40,40,https://testapi.logiqids.com/v1/user/result/send/otp/,694,0,0
1704698157898,698,sendOTP,200,OK,Thread Group 1-33,text,true,,279,280,40,40,https://testapi.logiqids.com/v1/user/result/send/otp/,698,0,0
1704698157978,711,sendOTP,200,OK,Thread Group 1-34,text,true,,279,280,40,40,https://testapi.logiqids.com/v1/user/result/send/otp/,711,0,0
1704698157953,757,submitOTP,200,OK,Thread Group 1-29,text,true,,400,258,40,40,https://testapi.logiqids.com/v1/user/result/submit/otp/,757,0,0
1704698157930,703,submitOTP,200,OK,Thread Group 1-27,text,true,,400,258,40,40,https://testapi.logiqids.com/v1/user/result/submit/otp/,703,0,0
1704698157941,763,submitOTP,200,OK,Thread Group 1-28,text,true,,400,258,40,40,https://testapi.logiqids.com/v1/user/result/submit/otp/,763,0,0
1704698157984,784,sendOTP,200,OK,Thread Group 1-35,text,true,,279,280,40,40,https://testapi.logiqids.com/v1/user/result/send/otp/,784,0,0
1704698157993,780,sendOTP,200,OK,Thread Group 1-22,text,true,,279,280,40,40,https://testapi.logiqids.com/v1/user/result/send/otp/,780,0,0
1704698158020,761,sendOTP,200,OK,Thread Group 1-23,text,true,,279,280,40,40,https://testapi.logiqids.com/v1/user/result/send/otp/,760,0,0
1704698158065,778,sendOTP,200,OK,Thread Group 1-14,text,true,,279,280,40,40,https://testapi.logiqids.com/v1/user/result/send/otp/,778,0,0
1704698158047,806,sendOTP,200,OK,Thread Group 1-15,text,true,,279,280,40,40,https://testapi.logiqids.com/v1/user/result/send/otp/,806,0,0
1704698158028,829,sendOTP,200,OK,Thread Group 1-17,text,true,,279,280,40,40,https://testapi.logiqids.com/v1/user/result/send/otp/,829,0,0
1704698158091,830,sendOTP,200,OK,Thread Group 1-2,text,true,,279,280,40,40,https://testapi.logiqids.com/v1/user/result/send/otp/,830,0,0
1704698158105,825,sendOTP,200,OK,Thread Group 1-3,text,true,,279,280,40,40,https://testapi.logiqids.com/v1/user/result/send/otp/,825,0,0
1704698158097,855,sendOTP,200,OK,Thread Group 1-4,text,true,,279,280,40,40,https://testapi.logiqids.com/v1/user/result/send/otp/,855,0,0
1704698158150,823,sendOTP,200,OK,Thread Group 1-18,text,true,,279,280,40,40,https://testapi.logiqids.com/v1/user/result/send/otp/,823,0,0
1704698158171,847,sendOTP,200,OK,Thread Group 1-25,text,true,,279,280,40,40,https://testapi.logiqids.com/v1/user/result/send/otp/,847,0,0
1704698158137,888,sendOTP,200,OK,Thread Group 1-8,text,true,,279,280,40,40,https://testapi.logiqids.com/v1/user/result/send/otp/,888,0,0
1704698158208,840,sendOTP,200,OK,Thread Group 1-20,text,true,,279,280,40,40,https://testapi.logiqids.com/v1/user/result/send/otp/,839,0,0
1704698158216,886,sendOTP,200,OK,Thread Group 1-7,text,true,,279,280,40,40,https://testapi.logiqids.com/v1/user/result/send/otp/,886,0,0
1704698158213,897,sendOTP,200,OK,Thread Group 1-19,text,true,,279,280,40,40,https://testapi.logiqids.com/v1/user/result/send/otp/,897,0,0
1704698158247,866,sendOTP,200,OK,Thread Group 1-13,text,true,,279,280,40,40,https://testapi.logiqids.com/v1/user/result/send/otp/,866,0,0
1704698158257,907,sendOTP,200,OK,Thread Group 1-5,text,true,,279,280,40,40,https://testapi.logiqids.com/v1/user/result/send/otp/,907,0,0
1704698158291,882,sendOTP,200,OK,Thread Group 1-21,text,true,,279,280,40,40,https://testapi.logiqids.com/v1/user/result/send/otp/,882,0,0
1704698158265,916,sendOTP,200,OK,Thread Group 1-1,text,true,,279,280,40,40,https://testapi.logiqids.com/v1/user/result/send/otp/,916,0,0
1704698158315,908,sendOTP,200,OK,Thread Group 1-6,text,true,,279,280,40,40,https://testapi.logiqids.com/v1/user/result/send/otp/,908,0,0
1704698158301,927,sendOTP,200,OK,Thread Group 1-10,text,true,,279,280,40,40,https://testapi.logiqids.com/v1/user/result/send/otp/,927,0,0
1704698158344,898,sendOTP,200,OK,Thread Group 1-9,text,true,,279,280,40,40,https://testapi.logiqids.com/v1/user/result/send/otp/,898,0,0
1704698158352,917,sendOTP,200,OK,Thread Group 1-12,text,true,,279,280,40,40,https://testapi.logiqids.com/v1/user/result/send/otp/,917,0,0
1704698158365,934,sendOTP,200,OK,Thread Group 1-36,text,true,,279,280,40,40,https://testapi.logiqids.com/v1/user/result/send/otp/,934,0,0
1704698158385,926,sendOTP,200,OK,Thread Group 1-24,text,true,,279,280,40,40,https://testapi.logiqids.com/v1/user/result/send/otp/,926,0,0
1704698158394,929,sendOTP,200,OK,Thread Group 1-11,text,true,,279,280,40,40,https://testapi.logiqids.com/v1/user/result/send/otp/,929,0,0
1704698158417,930,sendOTP,200,OK,Thread Group 1-16,text,true,,279,280,40,40,https://testapi.logiqids.com/v1/user/result/send/otp/,930,0,0
1704698158440,933,sendOTP,200,OK,Thread Group 1-26,text,true,,279,280,40,40,https://testapi.logiqids.com/v1/user/result/send/otp/,933,0,0
1704698158447,946,submitOTP,200,OK,Thread Group 1-30,text,true,,398,258,40,40,https://testapi.logiqids.com/v1/user/result/submit/otp/,945,0,0
1704698158482,923,sendOTP,200,OK,Thread Group 1-37,text,true,,279,280,40,40,https://testapi.logiqids.com/v1/user/result/send/otp/,923,0,0
1704698158492,944,submitOTP,200,OK,Thread Group 1-32,text,true,,400,258,40,40,https://testapi.logiqids.com/v1/user/result/submit/otp/,944,0,0
1704698158539,917,sendOTP,200,OK,Thread Group 1-40,text,true,,279,280,40,40,https://testapi.logiqids.com/v1/user/result/send/otp/,917,0,0
1704698158499,964,sendOTP,200,OK,Thread Group 1-38,text,true,,279,280,40,40,https://testapi.logiqids.com/v1/user/result/send/otp/,964,0,0
1704698158549,938,sendOTP,200,OK,Thread Group 1-39,text,true,,279,280,40,40,https://testapi.logiqids.com/v1/user/result/send/otp/,938,0,0
1704698158597,930,submitOTP,200,OK,Thread Group 1-33,text,true,,400,258,40,40,https://testapi.logiqids.com/v1/user/result/submit/otp/,930,0,0
1704698158562,977,submitOTP,200,OK,Thread Group 1-31,text,true,,400,258,40,40,https://testapi.logiqids.com/v1/user/result/submit/otp/,977,0,0
1704698158689,870,submitOTP,200,OK,Thread Group 1-34,text,true,,400,258,40,40,https://testapi.logiqids.com/v1/user/result/submit/otp/,870,0,0
1704698158753,977,testUsersList,200,OK,Thread Group 1-29,text,true,,6692,339,40,40,https://testapi.logiqids.com/v1/test-users/,977,0,0
1704698158754,983,testUsersList,200,OK,Thread Group 1-27,text,true,,6692,339,40,40,https://testapi.logiqids.com/v1/test-users/,983,0,0
1704698158756,996,testUsersList,200,OK,Thread Group 1-28,text,true,,6692,339,40,40,https://testapi.logiqids.com/v1/test-users/,996,0,0
1704698158774,1032,submitOTP,200,OK,Thread Group 1-22,text,true,,400,258,40,40,https://testapi.logiqids.com/v1/user/result/submit/otp/,1032,0,0
1704698158769,1048,submitOTP,200,OK,Thread Group 1-35,text,true,,400,258,40,40,https://testapi.logiqids.com/v1/user/result/submit/otp/,1048,0,0
1704698158781,1043,submitOTP,200,OK,Thread Group 1-23,text,true,,400,258,40,40,https://testapi.logiqids.com/v1/user/result/submit/otp/,1043,0,0
1704698158844,1052,submitOTP,200,OK,Thread Group 1-14,text,true,,400,258,40,40,https://testapi.logiqids.com/v1/user/result/submit/otp/,1052,0,0
1704698158858,1047,submitOTP,200,OK,Thread Group 1-17,text,true,,400,258,40,40,https://testapi.logiqids.com/v1/user/result/submit/otp/,1047,0,0
1704698158854,1058,submitOTP,200,OK,Thread Group 1-15,text,true,,398,258,40,40,https://testapi.logiqids.com/v1/user/result/submit/otp/,1058,0,0
1704698158923,1034,submitOTP,200,OK,Thread Group 1-2,text,true,,400,258,40,40,https://testapi.logiqids.com/v1/user/result/submit/otp/,1034,0,0
1704698158954,1021,submitOTP,200,OK,Thread Group 1-4,text,true,,400,258,40,40,https://testapi.logiqids.com/v1/user/result/submit/otp/,1021,0,0
1704698158932,1052,submitOTP,200,OK,Thread Group 1-3,text,true,,400,258,40,40,https://testapi.logiqids.com/v1/user/result/submit/otp/,1052,0,0
1704698158975,1052,submitOTP,200,OK,Thread Group 1-18,text,true,,398,258,40,40,https://testapi.logiqids.com/v1/user/result/submit/otp/,1052,0,0
1704698159019,1034,submitOTP,200,OK,Thread Group 1-25,text,true,,400,258,40,40,https://testapi.logiqids.com/v1/user/result/submit/otp/,1034,0,0
1704698159026,1032,submitOTP,200,OK,Thread Group 1-8,text,true,,400,258,40,40,https://testapi.logiqids.com/v1/user/result/submit/otp/,1032,0,0
1704698159049,1058,submitOTP,200,OK,Thread Group 1-20,text,true,,400,258,40,40,https://testapi.logiqids.com/v1/user/result/submit/otp/,1058,0,0
1704698159111,1020,submitOTP,200,OK,Thread Group 1-19,text,true,,400,258,40,40,https://testapi.logiqids.com/v1/user/result/submit/otp/,1020,0,0
1704698159103,1075,submitOTP,200,OK,Thread Group 1-7,text,true,,398,258,40,40,https://testapi.logiqids.com/v1/user/result/submit/otp/,1075,0,0
1704698159174,1036,submitOTP,200,OK,Thread Group 1-21,text,true,,400,258,40,40,https://testapi.logiqids.com/v1/user/result/submit/otp/,1036,0,0
1704698159114,1113,submitOTP,200,OK,Thread Group 1-13,text,true,,400,258,40,40,https://testapi.logiqids.com/v1/user/result/submit/otp/,1113,0,0
1704698159165,1067,submitOTP,200,OK,Thread Group 1-5,text,true,,400,258,40,40,https://testapi.logiqids.com/v1/user/result/submit/otp/,1067,0,0
1704698159182,1109,submitOTP,200,OK,Thread Group 1-1,text,true,,400,258,40,40,https://testapi.logiqids.com/v1/user/result/submit/otp/,1109,0,0
1704698159229,1087,submitOTP,200,OK,Thread Group 1-10,text,true,,400,258,40,40,https://testapi.logiqids.com/v1/user/result/submit/otp/,1087,0,0
1704698159223,1101,submitOTP,200,OK,Thread Group 1-6,text,true,,400,258,40,40,https://testapi.logiqids.com/v1/user/result/submit/otp/,1101,0,0
1704698159243,1129,submitOTP,200,OK,Thread Group 1-9,text,true,,400,258,40,40,https://testapi.logiqids.com/v1/user/result/submit/otp/,1129,0,0
1704698159270,1120,submitOTP,200,OK,Thread Group 1-12,text,true,,400,258,40,40,https://testapi.logiqids.com/v1/user/result/submit/otp/,1120,0,0
1704698159300,1107,submitOTP,200,OK,Thread Group 1-36,text,true,,400,258,40,40,https://testapi.logiqids.com/v1/user/result/submit/otp/,1107,0,0
1704698159311,1145,submitOTP,200,OK,Thread Group 1-24,text,true,,400,258,40,40,https://testapi.logiqids.com/v1/user/result/submit/otp/,1145,0,0
1704698159324,1139,submitOTP,200,OK,Thread Group 1-11,text,true,,400,258,40,40,https://testapi.logiqids.com/v1/user/result/submit/otp/,1139,0,0
1704698159348,1139,submitOTP,200,OK,Thread Group 1-16,text,true,,400,258,40,40,https://testapi.logiqids.com/v1/user/result/submit/otp/,1139,0,0
1704698159394,1111,testUsersList,200,OK,Thread Group 1-30,text,true,,6692,338,40,40,https://testapi.logiqids.com/v1/test-users/,1111,0,0
1704698159374,1164,submitOTP,200,OK,Thread Group 1-26,text,true,,400,258,40,40,https://testapi.logiqids.com/v1/user/result/submit/otp/,1164,0,0
1704698159405,1155,submitOTP,200,OK,Thread Group 1-37,text,true,,400,258,40,40,https://testapi.logiqids.com/v1/user/result/submit/otp/,1155,0,0
1704698159437,1131,testUsersList,200,OK,Thread Group 1-32,text,true,,6692,339,40,40,https://testapi.logiqids.com/v1/test-users/,1131,0,0
1704698159457,1158,submitOTP,200,OK,Thread Group 1-40,text,true,,400,258,40,40,https://testapi.logiqids.com/v1/user/result/submit/otp/,1158,0,0
1704698159464,1170,submitOTP,200,OK,Thread Group 1-38,text,true,,400,258,40,40,https://testapi.logiqids.com/v1/user/result/submit/otp/,1170,0,0
1704698159488,1158,submitOTP,200,OK,Thread Group 1-39,text,true,,400,258,40,40,https://testapi.logiqids.com/v1/user/result/submit/otp/,1158,0,0
1704698159528,1136,testUsersList,200,OK,Thread Group 1-33,text,true,,6692,339,40,40,https://testapi.logiqids.com/v1/test-users/,1136,0,0
1704698159540,1131,testUsersList,200,OK,Thread Group 1-31,text,true,,6692,339,40,40,https://testapi.logiqids.com/v1/test-users/,1131,0,0
1704698159561,1118,testUsersList,200,OK,Thread Group 1-34,text,true,,6692,339,40,40,https://testapi.logiqids.com/v1/test-users/,1118,0,0
1704698159753,1497,dashboardHome,200,OK,Thread Group 1-28,text,true,,3944,259,40,40,https://testapi.logiqids.com/v4/user/2063476/content/dashboard/home/,1497,0,0
1704698159807,1491,testUsersList,200,OK,Thread Group 1-22,text,true,,6692,339,40,40,https://testapi.logiqids.com/v1/test-users/,1491,0,0
1704698159818,1539,testUsersList,200,OK,Thread Group 1-35,text,true,,6692,339,40,40,https://testapi.logiqids.com/v1/test-users/,1539,0,0
1704698159730,1657,dashboardHome,200,OK,Thread Group 1-29,text,true,,3952,259,40,40,https://testapi.logiqids.com/v4/user/2051681/content/dashboard/home/,1657,0,0
1704698159825,1574,testUsersList,200,OK,Thread Group 1-23,text,true,,6692,339,40,40,https://testapi.logiqids.com/v1/test-users/,1574,0,0
1704698159737,1664,dashboardHome,200,OK,Thread Group 1-27,text,true,,3995,259,40,40,https://testapi.logiqids.com/v4/user/2065092/content/dashboard/home/,1664,0,0
1704698159897,1541,testUsersList,200,OK,Thread Group 1-14,text,true,,6692,339,40,40,https://testapi.logiqids.com/v1/test-users/,1541,0,0
1704698159906,1540,testUsersList,200,OK,Thread Group 1-17,text,true,,6692,339,40,40,https://testapi.logiqids.com/v1/test-users/,1540,0,0
1704698159913,1550,testUsersList,200,OK,Thread Group 1-15,text,true,,6692,338,40,40,https://testapi.logiqids.com/v1/test-users/,1550,0,0
1704698159959,1524,testUsersList,200,OK,Thread Group 1-2,text,true,,6692,339,40,40,https://testapi.logiqids.com/v1/test-users/,1523,0,0
1704698159976,1525,testUsersList,200,OK,Thread Group 1-4,text,true,,6692,339,40,40,https://testapi.logiqids.com/v1/test-users/,1525,0,0
1704698159985,1530,testUsersList,200,OK,Thread Group 1-3,text,true,,6692,339,40,40,https://testapi.logiqids.com/v1/test-users/,1530,0,0
1704698160033,1504,testUsersList,200,OK,Thread Group 1-18,text,true,,6692,338,40,40,https://testapi.logiqids.com/v1/test-users/,1504,0,0
1704698160054,1488,testUsersList,200,OK,Thread Group 1-25,text,true,,6692,339,40,40,https://testapi.logiqids.com/v1/test-users/,1488,0,0
1704698160179,1401,testUsersList,200,OK,Thread Group 1-19,text,true,,6692,339,40,40,https://testapi.logiqids.com/v1/test-users/,1401,0,0
1704698160059,1526,testUsersList,200,OK,Thread Group 1-8,text,true,,6692,339,40,40,https://testapi.logiqids.com/v1/test-users/,1526,0,0
1704698160108,1489,testUsersList,200,OK,Thread Group 1-20,text,true,,6692,339,40,40,https://testapi.logiqids.com/v1/test-users/,1489,0,0
1704698160210,1420,testUsersList,200,OK,Thread Group 1-21,text,true,,6692,339,40,40,https://testapi.logiqids.com/v1/test-users/,1420,0,0
1704698160181,1454,testUsersList,200,OK,Thread Group 1-7,text,true,,6692,338,40,40,https://testapi.logiqids.com/v1/test-users/,1454,0,0
1704698160229,1411,testUsersList,200,OK,Thread Group 1-13,text,true,,6692,339,40,40,https://testapi.logiqids.com/v1/test-users/,1411,0,0
1704698160233,1447,testUsersList,200,OK,Thread Group 1-5,text,true,,6692,339,40,40,https://testapi.logiqids.com/v1/test-users/,1447,0,0
1704698160317,1377,testUsersList,200,OK,Thread Group 1-10,text,true,,6692,339,40,40,https://testapi.logiqids.com/v1/test-users/,1377,0,0
1704698160292,1404,testUsersList,200,OK,Thread Group 1-1,text,true,,6692,339,40,40,https://testapi.logiqids.com/v1/test-users/,1404,0,0
1704698160325,1399,testUsersList,200,OK,Thread Group 1-6,text,true,,6692,339,40,40,https://testapi.logiqids.com/v1/test-users/,1399,0,0
1704698160391,1342,testUsersList,200,OK,Thread Group 1-12,text,true,,6692,339,40,40,https://testapi.logiqids.com/v1/test-users/,1342,0,0
1704698160373,1365,testUsersList,200,OK,Thread Group 1-9,text,true,,6692,339,40,40,https://testapi.logiqids.com/v1/test-users/,1365,0,0
1704698160409,1356,testUsersList,200,OK,Thread Group 1-36,text,true,,6692,339,40,40,https://testapi.logiqids.com/v1/test-users/,1356,0,0
1704698160457,1324,testUsersList,200,OK,Thread Group 1-24,text,true,,6692,339,40,40,https://testapi.logiqids.com/v1/test-users/,1324,0,0
1704698160488,1314,testUsersList,200,OK,Thread Group 1-16,text,true,,6692,339,40,40,https://testapi.logiqids.com/v1/test-users/,1314,0,0
1704698160464,1340,testUsersList,200,OK,Thread Group 1-11,text,true,,6692,339,40,40,https://testapi.logiqids.com/v1/test-users/,1340,0,0
1704698160561,1273,testUsersList,200,OK,Thread Group 1-37,text,true,,6692,339,40,40,https://testapi.logiqids.com/v1/test-users/,1273,0,0
1704698160539,1303,testUsersList,200,OK,Thread Group 1-26,text,true,,6692,339,40,40,https://testapi.logiqids.com/v1/test-users/,1303,0,0
1704698160616,1265,testUsersList,200,OK,Thread Group 1-40,text,true,,6692,339,40,40,https://testapi.logiqids.com/v1/test-users/,1265,0,0
1704698160635,1279,testUsersList,200,OK,Thread Group 1-38,text,true,,6692,339,40,40,https://testapi.logiqids.com/v1/test-users/,1279,0,0
1704698160647,1294,testUsersList,200,OK,Thread Group 1-39,text,true,,6692,339,40,40,https://testapi.logiqids.com/v1/test-users/,1294,0,0
1704698160505,1859,dashboardHome,200,OK,Thread Group 1-30,text,true,,3987,257,40,40,https://testapi.logiqids.com/v4/user/951043/content/dashboard/home/,1859,0,0
1704698160568,1810,dashboardHome,200,OK,Thread Group 1-32,text,true,,3944,259,40,40,https://testapi.logiqids.com/v4/user/2063301/content/dashboard/home/,1810,0,0
1704698160665,1808,dashboardHome,200,OK,Thread Group 1-33,text,true,,4006,259,40,40,https://testapi.logiqids.com/v4/user/2061138/content/dashboard/home/,1808,0,0
1704698161251,1314,dashboardOlympiadState,200,OK,Thread Group 1-28,text,true,,2435,259,40,40,https://testapi.logiqids.com/v4/user/2063476/app/olympiad/dashboard/,1314,0,0
1704698160680,2228,dashboardHome,200,OK,Thread Group 1-34,text,true,,3948,259,40,40,https://testapi.logiqids.com/v4/user/1776425/content/dashboard/home/,2228,0,0
1704698160671,2248,dashboardHome,200,OK,Thread Group 1-31,text,true,,3934,259,40,40,https://testapi.logiqids.com/v4/user/2064532/content/dashboard/home/,2247,0,0
1704698161388,1620,dashboardOlympiadState,200,OK,Thread Group 1-29,text,true,,2438,259,40,40,https://testapi.logiqids.com/v4/user/2051681/app/olympiad/dashboard/,1620,0,0
1704698161301,1789,dashboardHome,200,OK,Thread Group 1-22,text,true,,3932,259,40,40,https://testapi.logiqids.com/v4/user/2051069/content/dashboard/home/,1789,0,0
1704698161401,1707,dashboardOlympiadState,200,OK,Thread Group 1-27,text,true,,2432,259,40,40,https://testapi.logiqids.com/v4/user/2065092/app/olympiad/dashboard/,1707,0,0
1704698161358,2031,dashboardHome,200,OK,Thread Group 1-35,text,true,,3998,259,40,40,https://testapi.logiqids.com/v4/user/2152346/content/dashboard/home/,2030,0,0
1704698161438,2220,dashboardHome,200,OK,Thread Group 1-14,text,true,,3957,259,40,40,https://testapi.logiqids.com/v4/user/2061122/content/dashboard/home/,2220,0,0
1704698161399,2276,dashboardHome,200,OK,Thread Group 1-23,text,true,,3959,259,40,40,https://testapi.logiqids.com/v4/user/2054200/content/dashboard/home/,2276,0,0
1704698161448,2449,dashboardHome,200,OK,Thread Group 1-17,text,true,,3920,259,40,40,https://testapi.logiqids.com/v4/user/2055409/content/dashboard/home/,2449,0,0
1704698161484,2744,dashboardHome,200,OK,Thread Group 1-2,text,true,,3952,259,40,40,https://testapi.logiqids.com/v4/user/1213985/content/dashboard/home/,2744,0,0
1704698161502,2915,dashboardHome,200,OK,Thread Group 1-4,text,true,,3936,259,40,40,https://testapi.logiqids.com/v4/user/2061360/content/dashboard/home/,2915,0,0
1704698161464,3057,dashboardHome,200,OK,Thread Group 1-15,text,true,,3942,257,40,40,https://testapi.logiqids.com/v4/user/190260/content/dashboard/home/,3056,0,0
1704698161516,3264,dashboardHome,200,OK,Thread Group 1-3,text,true,,3946,259,40,40,https://testapi.logiqids.com/v4/user/2054764/content/dashboard/home/,3264,0,0
1704698161543,3351,dashboardHome,200,OK,Thread Group 1-25,text,true,,3917,259,40,40,https://testapi.logiqids.com/v4/user/2049770/content/dashboard/home/,3351,0,0
1704698161580,3668,dashboardHome,200,OK,Thread Group 1-19,text,true,,3921,259,40,40,https://testapi.logiqids.com/v4/user/2061506/content/dashboard/home/,3668,0,0
1704698161585,3811,dashboardHome,200,OK,Thread Group 1-8,text,true,,3986,259,40,40,https://testapi.logiqids.com/v4/user/2052917/content/dashboard/home/,3811,0,0
1704698161538,3917,dashboardHome,200,OK,Thread Group 1-18,text,true,,3992,257,40,40,https://testapi.logiqids.com/v4/user/693758/content/dashboard/home/,3917,0,0
1704698161598,4119,dashboardHome,200,OK,Thread Group 1-20,text,true,,3928,259,40,40,https://testapi.logiqids.com/v4/user/2052823/content/dashboard/home/,4119,0,0
1704698161631,4296,dashboardHome,200,OK,Thread Group 1-21,text,true,,3943,259,40,40,https://testapi.logiqids.com/v4/user/2054186/content/dashboard/home/,4296,0,0
1704698161636,4451,dashboardHome,200,OK,Thread Group 1-7,text,true,,3947,257,40,40,https://testapi.logiqids.com/v4/user/626209/content/dashboard/home/,4451,0,0
1704698161641,4712,dashboardHome,200,OK,Thread Group 1-13,text,true,,3933,259,40,40,https://testapi.logiqids.com/v4/user/2064724/content/dashboard/home/,4712,0,0
1704698161681,4735,dashboardHome,200,OK,Thread Group 1-5,text,true,,3938,259,40,40,https://testapi.logiqids.com/v4/user/2052503/content/dashboard/home/,4734,0,0
1704698161694,4885,dashboardHome,200,OK,Thread Group 1-10,text,true,,3921,259,40,40,https://testapi.logiqids.com/v4/user/2055385/content/dashboard/home/,4885,0,0
1704698161697,4983,dashboardHome,200,OK,Thread Group 1-1,text,true,,3920,259,40,40,https://testapi.logiqids.com/v4/user/2152344/content/dashboard/home/,4983,0,0
1704698161725,5189,dashboardHome,200,OK,Thread Group 1-6,text,true,,3937,259,40,40,https://testapi.logiqids.com/v4/user/2063482/content/dashboard/home/,5189,0,0
1704698161739,5476,dashboardHome,200,OK,Thread Group 1-9,text,true,,3912,259,40,40,https://testapi.logiqids.com/v4/user/2054311/content/dashboard/home/,5476,0,0
1704698161733,5531,dashboardHome,200,OK,Thread Group 1-12,text,true,,3936,259,40,40,https://testapi.logiqids.com/v4/user/2060937/content/dashboard/home/,5531,0,0
1704698161766,5735,dashboardHome,200,OK,Thread Group 1-36,text,true,,3924,259,40,40,https://testapi.logiqids.com/v4/user/2054760/content/dashboard/home/,5735,0,0
1704698161782,5905,dashboardHome,200,OK,Thread Group 1-24,text,true,,3938,259,40,40,https://testapi.logiqids.com/v4/user/2064512/content/dashboard/home/,5905,0,0
1704698161803,6013,dashboardHome,200,OK,Thread Group 1-16,text,true,,3948,259,40,40,https://testapi.logiqids.com/v4/user/2053626/content/dashboard/home/,6013,0,0
1704698161805,6169,dashboardHome,200,OK,Thread Group 1-11,text,true,,3911,259,40,40,https://testapi.logiqids.com/v4/user/2054591/content/dashboard/home/,6169,0,0
1704698161835,6318,dashboardHome,200,OK,Thread Group 1-37,text,true,,3989,259,40,40,https://testapi.logiqids.com/v4/user/2050481/content/dashboard/home/,6317,0,0
1704698161882,6599,dashboardHome,200,OK,Thread Group 1-40,text,true,,3962,259,40,40,https://testapi.logiqids.com/v4/user/2055239/content/dashboard/home/,6598,0,0
1704698161843,6650,dashboardHome,200,OK,Thread Group 1-26,text,true,,3941,259,40,40,https://testapi.logiqids.com/v4/user/2054340/content/dashboard/home/,6650,0,0
1704698162365,6224,dashboardOlympiadState,200,OK,Thread Group 1-30,text,true,,2432,257,40,40,https://testapi.logiqids.com/v4/user/951043/app/olympiad/dashboard/,6224,0,0
1704698161914,6731,dashboardHome,200,OK,Thread Group 1-38,text,true,,3960,259,40,40,https://testapi.logiqids.com/v4/user/2057698/content/dashboard/home/,6731,0,0
1704698162379,6310,dashboardOlympiadState,200,OK,Thread Group 1-32,text,true,,2436,259,40,40,https://testapi.logiqids.com/v4/user/2063301/app/olympiad/dashboard/,6310,0,0
1704698162474,6267,dashboardOlympiadState,200,OK,Thread Group 1-33,text,true,,2435,259,40,40,https://testapi.logiqids.com/v4/user/2061138/app/olympiad/dashboard/,6267,0,0
1704698162909,5922,dashboardOlympiadState,200,OK,Thread Group 1-34,text,true,,2446,259,40,40,https://testapi.logiqids.com/v4/user/1776425/app/olympiad/dashboard/,5922,0,0
1704698162919,6006,dashboardOlympiadState,200,OK,Thread Group 1-31,text,true,,2433,259,40,40,https://testapi.logiqids.com/v4/user/2064532/app/olympiad/dashboard/,6006,0,0
1704698161941,6992,dashboardHome,200,OK,Thread Group 1-39,text,true,,3942,259,40,40,https://testapi.logiqids.com/v4/user/2048912/content/dashboard/home/,6991,0,0
1704698162565,6373,ExtrasApi,200,OK,Thread Group 1-28,text,true,,1167,242,40,40,https://testapi.logiqids.com/v1/user/2063476/extra/,6373,0,0
1704698163090,5943,dashboardOlympiadState,200,OK,Thread Group 1-22,text,true,,2435,259,40,40,https://testapi.logiqids.com/v4/user/2051069/app/olympiad/dashboard/,5943,0,0
1704698163389,5758,dashboardOlympiadState,200,OK,Thread Group 1-35,text,true,,2444,259,40,40,https://testapi.logiqids.com/v4/user/2152346/app/olympiad/dashboard/,5758,0,0
1704698163108,6059,ExtrasApi,200,OK,Thread Group 1-27,text,true,,1166,242,40,40,https://testapi.logiqids.com/v1/user/2065092/extra/,6058,0,0
1704698163010,6165,ExtrasApi,200,OK,Thread Group 1-29,text,true,,1164,242,40,40,https://testapi.logiqids.com/v1/user/2051681/extra/,6165,0,0
1704698163659,5583,dashboardOlympiadState,200,OK,Thread Group 1-14,text,true,,2433,259,40,40,https://testapi.logiqids.com/v4/user/2061122/app/olympiad/dashboard/,5583,0,0
1704698163676,5608,dashboardOlympiadState,200,OK,Thread Group 1-23,text,true,,2439,259,40,40,https://testapi.logiqids.com/v4/user/2054200/app/olympiad/dashboard/,5608,0,0
1704698163898,5406,dashboardOlympiadState,200,OK,Thread Group 1-17,text,true,,2439,259,40,40,https://testapi.logiqids.com/v4/user/2055409/app/olympiad/dashboard/,5406,0,0
1704698164228,5116,dashboardOlympiadState,200,OK,Thread Group 1-2,text,true,,2431,259,40,40,https://testapi.logiqids.com/v4/user/1213985/app/olympiad/dashboard/,5116,0,0
1704698164418,4966,dashboardOlympiadState,200,OK,Thread Group 1-4,text,true,,2438,259,40,40,https://testapi.logiqids.com/v4/user/2061360/app/olympiad/dashboard/,4966,0,0
1704698164521,4902,dashboardOlympiadState,200,OK,Thread Group 1-15,text,true,,2441,257,40,40,https://testapi.logiqids.com/v4/user/190260/app/olympiad/dashboard/,4902,0,0
1704698164780,4683,dashboardOlympiadState,200,OK,Thread Group 1-3,text,true,,2447,259,40,40,https://testapi.logiqids.com/v4/user/2054764/app/olympiad/dashboard/,4683,0,0
1704698164894,4643,dashboardOlympiadState,200,OK,Thread Group 1-25,text,true,,2435,259,40,40,https://testapi.logiqids.com/v4/user/2049770/app/olympiad/dashboard/,4643,0,0
1704698165249,4302,dashboardOlympiadState,200,OK,Thread Group 1-19,text,true,,2442,259,40,40,https://testapi.logiqids.com/v4/user/2061506/app/olympiad/dashboard/,4302,0,0
1704698165397,4166,dashboardOlympiadState,200,OK,Thread Group 1-8,text,true,,2426,259,40,40,https://testapi.logiqids.com/v4/user/2052917/app/olympiad/dashboard/,4166,0,0
1704698165455,4188,dashboardOlympiadState,200,OK,Thread Group 1-18,text,true,,2443,257,40,40,https://testapi.logiqids.com/v4/user/693758/app/olympiad/dashboard/,4188,0,0
1704698165718,3943,dashboardOlympiadState,200,OK,Thread Group 1-20,text,true,,2438,259,40,40,https://testapi.logiqids.com/v4/user/2052823/app/olympiad/dashboard/,3943,0,0
1704698165928,3748,dashboardOlympiadState,200,OK,Thread Group 1-21,text,true,,2428,259,40,40,https://testapi.logiqids.com/v4/user/2054186/app/olympiad/dashboard/,3748,0,0
1704698166089,3686,dashboardOlympiadState,200,OK,Thread Group 1-7,text,true,,2437,257,40,40,https://testapi.logiqids.com/v4/user/626209/app/olympiad/dashboard/,3686,0,0
1704698166355,3426,dashboardOlympiadState,200,OK,Thread Group 1-13,text,true,,2436,259,40,40,https://testapi.logiqids.com/v4/user/2064724/app/olympiad/dashboard/,3426,0,0
1704698166417,3378,dashboardOlympiadState,200,OK,Thread Group 1-5,text,true,,2432,259,40,40,https://testapi.logiqids.com/v4/user/2052503/app/olympiad/dashboard/,3378,0,0
1704698166682,3184,dashboardOlympiadState,200,OK,Thread Group 1-1,text,true,,2448,259,40,40,https://testapi.logiqids.com/v4/user/2152344/app/olympiad/dashboard/,3184,0,0
1704698166580,3308,dashboardOlympiadState,200,OK,Thread Group 1-10,text,true,,2435,259,40,40,https://testapi.logiqids.com/v4/user/2055385/app/olympiad/dashboard/,3308,0,0
1704698166916,3001,dashboardOlympiadState,200,OK,Thread Group 1-6,text,true,,2433,259,40,40,https://testapi.logiqids.com/v4/user/2063482/app/olympiad/dashboard/,3001,0,0
1704698167217,2734,dashboardOlympiadState,200,OK,Thread Group 1-9,text,true,,2437,259,40,40,https://testapi.logiqids.com/v4/user/2054311/app/olympiad/dashboard/,2734,0,0
1704698167266,2729,dashboardOlympiadState,200,OK,Thread Group 1-12,text,true,,2432,259,40,40,https://testapi.logiqids.com/v4/user/2060937/app/olympiad/dashboard/,2729,0,0
1704698167503,2544,dashboardOlympiadState,200,OK,Thread Group 1-36,text,true,,2432,259,40,40,https://testapi.logiqids.com/v4/user/2054760/app/olympiad/dashboard/,2544,0,0
1704698167689,2375,dashboardOlympiadState,200,OK,Thread Group 1-24,text,true,,2431,259,40,40,https://testapi.logiqids.com/v4/user/2064512/app/olympiad/dashboard/,2375,0,0
1704698167818,2332,dashboardOlympiadState,200,OK,Thread Group 1-16,text,true,,2432,259,40,40,https://testapi.logiqids.com/v4/user/2053626/app/olympiad/dashboard/,2332,0,0
1704698168154,2001,dashboardOlympiadState,200,OK,Thread Group 1-37,text,true,,2442,259,40,40,https://testapi.logiqids.com/v4/user/2050481/app/olympiad/dashboard/,2001,0,0
1704698167975,2208,dashboardOlympiadState,200,OK,Thread Group 1-11,text,true,,2440,259,40,40,https://testapi.logiqids.com/v4/user/2054591/app/olympiad/dashboard/,2208,0,0
1704698168482,1774,dashboardOlympiadState,200,OK,Thread Group 1-40,text,true,,2445,259,40,40,https://testapi.logiqids.com/v4/user/2055239/app/olympiad/dashboard/,1774,0,0
1704698168494,1782,dashboardOlympiadState,200,OK,Thread Group 1-26,text,true,,2437,259,40,40,https://testapi.logiqids.com/v4/user/2054340/app/olympiad/dashboard/,1782,0,0
1704698168647,1706,dashboardOlympiadState,200,OK,Thread Group 1-38,text,true,,2438,259,40,40,https://testapi.logiqids.com/v4/user/2057698/app/olympiad/dashboard/,1706,0,0
1704698168591,1847,ExtrasApi,200,OK,Thread Group 1-30,text,true,,1157,240,40,40,https://testapi.logiqids.com/v1/user/951043/extra/,1847,0,0
1704698168690,1843,ExtrasApi,200,OK,Thread Group 1-32,text,true,,1164,242,40,40,https://testapi.logiqids.com/v1/user/2063301/extra/,1843,0,0
1704698168742,1861,ExtrasApi,200,OK,Thread Group 1-33,text,true,,1168,242,40,40,https://testapi.logiqids.com/v1/user/2061138/extra/,1861,0,0
1704698168934,1769,dashboardOlympiadState,200,OK,Thread Group 1-39,text,true,,2431,259,40,40,https://testapi.logiqids.com/v4/user/2048912/app/olympiad/dashboard/,1769,0,0
1704698168833,1884,ExtrasApi,200,OK,Thread Group 1-34,text,true,,1168,242,40,40,https://testapi.logiqids.com/v1/user/1776425/extra/,1884,0,0
1704698168927,1866,ExtrasApi,200,OK,Thread Group 1-31,text,true,,1169,242,40,40,https://testapi.logiqids.com/v1/user/2064532/extra/,1865,0,0
1704698169034,1882,ExtrasApi,200,OK,Thread Group 1-22,text,true,,1168,242,40,40,https://testapi.logiqids.com/v1/user/2051069/extra/,1882,0,0
1704698169148,1848,ExtrasApi,200,OK,Thread Group 1-35,text,true,,1185,242,40,40,https://testapi.logiqids.com/v1/user/2152346/extra/,1847,0,0
1704698169177,2244,Result,200,OK,Thread Group 1-29,text,true,,2865,252,40,40,https://testapi.logiqids.com/v1/user/2051681/get-test-result/,2244,0,0
1704698168940,2492,Result,200,OK,Thread Group 1-28,text,true,,2872,252,40,40,https://testapi.logiqids.com/v1/user/2063476/get-test-result/,2492,0,0
1704698169169,2427,Result,200,OK,Thread Group 1-27,text,true,,2869,252,40,40,https://testapi.logiqids.com/v1/user/2065092/get-test-result/,2427,0,0
1704698169243,2377,ExtrasApi,200,OK,Thread Group 1-14,text,true,,1168,242,40,40,https://testapi.logiqids.com/v1/user/2061122/extra/,2377,0,0
1704698169286,2373,ExtrasApi,200,OK,Thread Group 1-23,text,true,,1168,242,40,40,https://testapi.logiqids.com/v1/user/2054200/extra/,2373,0,0
1704698169305,2513,ExtrasApi,200,OK,Thread Group 1-17,text,true,,1169,242,40,40,https://testapi.logiqids.com/v1/user/2055409/extra/,2513,0,0
1704698169346,2535,ExtrasApi,200,OK,Thread Group 1-2,text,true,,1158,242,40,40,https://testapi.logiqids.com/v1/user/1213985/extra/,2535,0,0
1704698169386,2565,ExtrasApi,200,OK,Thread Group 1-4,text,true,,1167,242,40,40,https://testapi.logiqids.com/v1/user/2061360/extra/,2565,0,0
1704698169425,2635,ExtrasApi,200,OK,Thread Group 1-15,text,true,,1175,240,40,40,https://testapi.logiqids.com/v1/user/190260/extra/,2635,0,0
1704698169465,2693,ExtrasApi,200,OK,Thread Group 1-3,text,true,,1168,242,40,40,https://testapi.logiqids.com/v1/user/2054764/extra/,2693,0,0
1704698169539,2681,ExtrasApi,200,OK,Thread Group 1-25,text,true,,1168,242,40,40,https://testapi.logiqids.com/v1/user/2049770/extra/,2681,0,0
1704698169553,2794,ExtrasApi,200,OK,Thread Group 1-19,text,true,,1169,242,40,40,https://testapi.logiqids.com/v1/user/2061506/extra/,2793,0,0
1704698169565,2843,ExtrasApi,200,OK,Thread Group 1-8,text,true,,1167,242,40,40,https://testapi.logiqids.com/v1/user/2052917/extra/,2843,0,0
1704698169645,2844,ExtrasApi,200,OK,Thread Group 1-18,text,true,,1166,240,40,40,https://testapi.logiqids.com/v1/user/693758/extra/,2844,0,0
1704698169663,2905,ExtrasApi,200,OK,Thread Group 1-20,text,true,,1169,242,40,40,https://testapi.logiqids.com/v1/user/2052823/extra/,2905,0,0
1704698169678,2970,ExtrasApi,200,OK,Thread Group 1-21,text,true,,1168,242,40,40,https://testapi.logiqids.com/v1/user/2054186/extra/,2970,0,0
1704698169776,2964,ExtrasApi,200,OK,Thread Group 1-7,text,true,,1170,240,40,40,https://testapi.logiqids.com/v1/user/626209/extra/,2964,0,0
1704698169782,3012,ExtrasApi,200,OK,Thread Group 1-13,text,true,,1168,242,40,40,https://testapi.logiqids.com/v1/user/2064724/extra/,3012,0,0
1704698169796,3076,ExtrasApi,200,OK,Thread Group 1-5,text,true,,1169,242,40,40,https://testapi.logiqids.com/v1/user/2052503/extra/,3076,0,0
1704698169867,3121,ExtrasApi,200,OK,Thread Group 1-1,text,true,,1169,242,40,40,https://testapi.logiqids.com/v1/user/2152344/extra/,3121,0,0
1704698169888,3137,ExtrasApi,200,OK,Thread Group 1-10,text,true,,1168,242,40,40,https://testapi.logiqids.com/v1/user/2055385/extra/,3137,0,0
1704698169918,3149,ExtrasApi,200,OK,Thread Group 1-6,text,true,,1168,242,40,40,https://testapi.logiqids.com/v1/user/2063482/extra/,3149,0,0
1704698169995,3271,ExtrasApi,200,OK,Thread Group 1-12,text,true,,1167,242,40,40,https://testapi.logiqids.com/v1/user/2060937/extra/,3271,0,0
1704698169951,3325,ExtrasApi,200,OK,Thread Group 1-9,text,true,,1169,242,40,40,https://testapi.logiqids.com/v1/user/2054311/extra/,3325,0,0
1704698170047,3248,ExtrasApi,200,OK,Thread Group 1-36,text,true,,1168,242,40,40,https://testapi.logiqids.com/v1/user/2054760/extra/,3248,0,0
1704698170064,3411,ExtrasApi,200,OK,Thread Group 1-24,text,true,,1168,242,40,40,https://testapi.logiqids.com/v1/user/2064512/extra/,3411,0,0
1704698170151,3356,ExtrasApi,200,OK,Thread Group 1-16,text,true,,1164,242,40,40,https://testapi.logiqids.com/v1/user/2053626/extra/,3356,0,0
1704698170156,3357,ExtrasApi,200,OK,Thread Group 1-37,text,true,,1168,242,40,40,https://testapi.logiqids.com/v1/user/2050481/extra/,3357,0,0
1704698170184,3494,ExtrasApi,200,OK,Thread Group 1-11,text,true,,1168,242,40,40,https://testapi.logiqids.com/v1/user/2054591/extra/,3494,0,0
1704698170277,3434,ExtrasApi,200,OK,Thread Group 1-26,text,true,,1168,242,40,40,https://testapi.logiqids.com/v1/user/2054340/extra/,3434,0,0
1704698170256,3477,ExtrasApi,200,OK,Thread Group 1-40,text,true,,1168,242,40,40,https://testapi.logiqids.com/v1/user/2055239/extra/,3477,0,0
1704698170354,3559,ExtrasApi,200,OK,Thread Group 1-38,text,true,,1168,242,40,40,https://testapi.logiqids.com/v1/user/2057698/extra/,3559,0,0
1704698170534,3526,Result,200,OK,Thread Group 1-32,text,true,,2927,252,40,40,https://testapi.logiqids.com/v1/user/2063301/get-test-result/,3526,0,0
1704698170439,3648,Result,200,OK,Thread Group 1-30,text,true,,2845,250,40,40,https://testapi.logiqids.com/v1/user/951043/get-test-result/,3648,0,0
1704698170604,3532,Result,200,OK,Thread Group 1-33,text,true,,2873,252,40,40,https://testapi.logiqids.com/v1/user/2061138/get-test-result/,3532,0,0
1704698170703,3574,ExtrasApi,200,OK,Thread Group 1-39,text,true,,1168,242,40,40,https://testapi.logiqids.com/v1/user/2048912/extra/,3574,0,0
1704698170718,3572,Result,200,OK,Thread Group 1-34,text,true,,2852,252,40,40,https://testapi.logiqids.com/v1/user/1776425/get-test-result/,3572,0,0
1704698170997,3487,Result,200,OK,Thread Group 1-35,text,true,,2851,252,40,40,https://testapi.logiqids.com/v1/user/2152346/get-test-result/,3487,0,0
1704698170917,3597,Result,200,OK,Thread Group 1-22,text,true,,2870,252,40,40,https://testapi.logiqids.com/v1/user/2051069/get-test-result/,3597,0,0
1704698170794,3740,Result,200,OK,Thread Group 1-31,text,true,,2989,252,40,40,https://testapi.logiqids.com/v1/user/2064532/get-test-result/,3740,0,0
1704698171596,3178,Analysis,200,OK,Thread Group 1-27,text,true,,3290,255,40,40,https://testapi.logiqids.com/v1/user/2065092/test/1634/analysis/,3178,0,0
1704698171432,3348,Analysis,200,OK,Thread Group 1-28,text,true,,3298,255,40,40,https://testapi.logiqids.com/v1/user/2063476/test/1631/analysis/,3348,0,0
1704698171620,3379,Result,200,OK,Thread Group 1-14,text,true,,2869,252,40,40,https://testapi.logiqids.com/v1/user/2061122/get-test-result/,3378,0,0
1704698171659,3359,Result,200,OK,Thread Group 1-23,text,true,,2873,252,40,40,https://testapi.logiqids.com/v1/user/2054200/get-test-result/,3359,0,0
1704698171881,3453,Result,200,OK,Thread Group 1-2,text,true,,2842,252,40,40,https://testapi.logiqids.com/v1/user/1213985/get-test-result/,3453,0,0
1704698171819,3522,Result,200,OK,Thread Group 1-17,text,true,,2875,252,40,40,https://testapi.logiqids.com/v1/user/2055409/get-test-result/,3522,0,0
1704698172060,3674,Result,200,OK,Thread Group 1-15,text,true,,2980,250,40,40,https://testapi.logiqids.com/v1/user/190260/get-test-result/,3674,0,0
1704698171951,3797,Result,200,OK,Thread Group 1-4,text,true,,2872,252,40,40,https://testapi.logiqids.com/v1/user/2061360/get-test-result/,3796,0,0
1704698172220,3781,Result,200,OK,Thread Group 1-25,text,true,,2874,252,40,40,https://testapi.logiqids.com/v1/user/2049770/get-test-result/,3781,0,0
1704698172158,3850,Result,200,OK,Thread Group 1-3,text,true,,2876,252,40,40,https://testapi.logiqids.com/v1/user/2054764/get-test-result/,3850,0,0
1704698172408,3830,Result,200,OK,Thread Group 1-8,text,true,,2988,252,40,40,https://testapi.logiqids.com/v1/user/2052917/get-test-result/,3830,0,0
1704698172347,3893,Result,200,OK,Thread Group 1-19,text,true,,2877,252,40,40,https://testapi.logiqids.com/v1/user/2061506/get-test-result/,3893,0,0
1704698172489,4022,Result,200,OK,Thread Group 1-18,text,true,,2855,250,40,40,https://testapi.logiqids.com/v1/user/693758/get-test-result/,4022,0,0
1704698172568,3947,Result,200,OK,Thread Group 1-20,text,true,,2875,252,40,40,https://testapi.logiqids.com/v1/user/2052823/get-test-result/,3947,0,0
1704698172648,4126,Result,200,OK,Thread Group 1-21,text,true,,2872,252,40,40,https://testapi.logiqids.com/v1/user/2054186/get-test-result/,4126,0,0
1704698172740,4043,Result,200,OK,Thread Group 1-7,text,true,,2874,250,40,40,https://testapi.logiqids.com/v1/user/626209/get-test-result/,4042,0,0
1704698172872,4126,Result,200,OK,Thread Group 1-5,text,true,,2871,252,40,40,https://testapi.logiqids.com/v1/user/2052503/get-test-result/,4126,0,0
1704698172794,4263,Result,200,OK,Thread Group 1-13,text,true,,2874,252,40,40,https://testapi.logiqids.com/v1/user/2064724/get-test-result/,4263,0,0
1704698172988,4178,Result,200,OK,Thread Group 1-1,text,true,,2850,252,40,40,https://testapi.logiqids.com/v1/user/2152344/get-test-result/,4178,0,0
1704698173026,4245,Result,200,OK,Thread Group 1-10,text,true,,2873,252,40,40,https://testapi.logiqids.com/v1/user/2055385/get-test-result/,4245,0,0
1704698173067,4296,Result,200,OK,Thread Group 1-6,text,true,,2875,252,40,40,https://testapi.logiqids.com/v1/user/2063482/get-test-result/,4296,0,0
1704698173266,4237,Result,200,OK,Thread Group 1-12,text,true,,2873,252,40,40,https://testapi.logiqids.com/v1/user/2060937/get-test-result/,4237,0,0
1704698173276,4299,Result,200,OK,Thread Group 1-9,text,true,,2990,252,40,40,https://testapi.logiqids.com/v1/user/2054311/get-test-result/,4299,0,0
1704698171421,6182,Analysis,200,OK,Thread Group 1-29,text,true,,3297,255,40,40,https://testapi.logiqids.com/v1/user/2051681/test/1629/analysis/,6182,0,0
1704698173295,4415,Result,200,OK,Thread Group 1-36,text,true,,2873,252,40,40,https://testapi.logiqids.com/v1/user/2054760/get-test-result/,4415,0,0
1704698173475,4349,Result,200,OK,Thread Group 1-24,text,true,,2875,252,40,40,https://testapi.logiqids.com/v1/user/2064512/get-test-result/,4348,0,0
1704698173507,4330,Result,200,OK,Thread Group 1-16,text,true,,2866,252,40,40,https://testapi.logiqids.com/v1/user/2053626/get-test-result/,4330,0,0
1704698173513,4382,Result,200,OK,Thread Group 1-37,text,true,,2876,252,40,40,https://testapi.logiqids.com/v1/user/2050481/get-test-result/,4382,0,0
1704698173678,4414,Result,200,OK,Thread Group 1-11,text,true,,2870,252,40,40,https://testapi.logiqids.com/v1/user/2054591/get-test-result/,4414,0,0
1704698173711,4392,Result,200,OK,Thread Group 1-26,text,true,,2876,252,40,40,https://testapi.logiqids.com/v1/user/2054340/get-test-result/,4392,0,0
1704698173733,4397,Result,200,OK,Thread Group 1-40,text,true,,2878,252,40,40,https://testapi.logiqids.com/v1/user/2055239/get-test-result/,4397,0,0
1704698174060,4280,Analysis,200,OK,Thread Group 1-32,text,true,,3303,255,40,40,https://testapi.logiqids.com/v1/user/2063301/test/1630/analysis/,4280,0,0
1704698174087,4300,Analysis,200,OK,Thread Group 1-30,text,true,,3173,253,40,40,https://testapi.logiqids.com/v1/user/951043/test/1627/analysis/,4300,0,0
1704698173913,4477,Result,200,OK,Thread Group 1-38,text,true,,2877,252,40,40,https://testapi.logiqids.com/v1/user/2057698/get-test-result/,4477,0,0
1704698174136,4437,Analysis,200,OK,Thread Group 1-33,text,true,,3290,255,40,40,https://testapi.logiqids.com/v1/user/2061138/test/1628/analysis/,4437,0,0
1704698174277,4360,Result,200,OK,Thread Group 1-39,text,true,,2877,252,40,40,https://testapi.logiqids.com/v1/user/2048912/get-test-result/,4359,0,0
1704698174290,4365,Analysis,200,OK,Thread Group 1-34,text,true,,3113,255,40,40,https://testapi.logiqids.com/v1/user/1776425/test/1626/analysis/,4365,0,0
1704698174484,4285,Analysis,200,OK,Thread Group 1-35,text,true,,3111,255,40,40,https://testapi.logiqids.com/v1/user/2152346/test/1626/analysis/,4285,0,0
1704698174513,4366,Analysis,200,OK,Thread Group 1-22,text,true,,3292,255,40,40,https://testapi.logiqids.com/v1/user/2051069/test/1628/analysis/,4366,0,0
1704698174533,4363,Analysis,200,OK,Thread Group 1-31,text,true,,3303,255,40,40,https://testapi.logiqids.com/v1/user/2064532/test/1632/analysis/,4363,0,0
1704698174778,4242,Leaderboard,200,OK,Thread Group 1-27,text,true,,3897,318,40,40,https://testapi.logiqids.com/v1/user/2065092/test/1634/leaderboard/,4242,0,0
1704698175000,4142,Analysis,200,OK,Thread Group 1-14,text,true,,3276,255,40,40,https://testapi.logiqids.com/v1/user/2061122/test/1628/analysis/,4142,0,0
1704698174780,4367,Leaderboard,200,OK,Thread Group 1-28,text,true,,3707,318,40,40,https://testapi.logiqids.com/v1/user/2063476/test/1631/leaderboard/,4367,0,0
1704698175019,4223,Analysis,200,OK,Thread Group 1-23,text,true,,3274,255,40,40,https://testapi.logiqids.com/v1/user/2054200/test/1630/analysis/,4223,0,0
1704698175338,4009,Analysis,200,OK,Thread Group 1-2,text,true,,3293,255,40,40,https://testapi.logiqids.com/v1/user/1213985/test/1628/analysis/,4009,0,0
1704698175342,4048,Analysis,200,OK,Thread Group 1-17,text,true,,3287,255,40,40,https://testapi.logiqids.com/v1/user/2055409/test/1631/analysis/,4048,0,0
1704698175734,3702,Analysis,200,OK,Thread Group 1-15,text,true,,3303,253,40,40,https://testapi.logiqids.com/v1/user/190260/test/1631/analysis/,3702,0,0
1704698175748,3836,Analysis,200,OK,Thread Group 1-4,text,true,,3300,255,40,40,https://testapi.logiqids.com/v1/user/2061360/test/1629/analysis/,3836,0,0
1704698176002,3632,Analysis,200,OK,Thread Group 1-25,text,true,,3163,255,40,40,https://testapi.logiqids.com/v1/user/2049770/test/1627/analysis/,3632,0,0
1704698176008,3657,Analysis,200,OK,Thread Group 1-3,text,true,,3304,255,40,40,https://testapi.logiqids.com/v1/user/2054764/test/1630/analysis/,3657,0,0
1704698176238,3590,Analysis,200,OK,Thread Group 1-8,text,true,,3304,255,40,40,https://testapi.logiqids.com/v1/user/2052917/test/1629/analysis/,3590,0,0
1704698176240,3639,Analysis,200,OK,Thread Group 1-19,text,true,,3305,255,40,40,https://testapi.logiqids.com/v1/user/2061506/test/1629/analysis/,3639,0,0
1704698176512,3402,Analysis,200,OK,Thread Group 1-18,text,true,,3302,253,40,40,https://testapi.logiqids.com/v1/user/693758/test/1628/analysis/,3402,0,0
1704698176516,3497,Analysis,200,OK,Thread Group 1-20,text,true,,3292,255,40,40,https://testapi.logiqids.com/v1/user/2052823/test/1629/analysis/,3497,0,0
1704698176774,3310,Analysis,200,OK,Thread Group 1-21,text,true,,3288,255,40,40,https://testapi.logiqids.com/v1/user/2054186/test/1630/analysis/,3310,0,0
1704698176999,3207,Analysis,200,OK,Thread Group 1-5,text,true,,3292,255,40,40,https://testapi.logiqids.com/v1/user/2052503/test/1629/analysis/,3207,0,0
1704698176783,3541,Analysis,200,OK,Thread Group 1-7,text,true,,2726,253,40,40,https://testapi.logiqids.com/v1/user/626209/test/1631/analysis/,3541,0,0
1704698177058,3268,Analysis,200,OK,Thread Group 1-13,text,true,,3300,255,40,40,https://testapi.logiqids.com/v1/user/2064724/test/1633/analysis/,3268,0,0
1704698177166,3194,Analysis,200,OK,Thread Group 1-1,text,true,,3101,255,40,40,https://testapi.logiqids.com/v1/user/2152344/test/1626/analysis/,3193,0,0
1704698177271,3299,Analysis,200,OK,Thread Group 1-10,text,true,,3287,255,40,40,https://testapi.logiqids.com/v1/user/2055385/test/1631/analysis/,3299,0,0
1704698177364,3210,Analysis,200,OK,Thread Group 1-6,text,true,,3298,255,40,40,https://testapi.logiqids.com/v1/user/2063482/test/1631/analysis/,3210,0,0
1704698177504,3111,Analysis,200,OK,Thread Group 1-12,text,true,,3306,255,40,40,https://testapi.logiqids.com/v1/user/2060937/test/1628/analysis/,3111,0,0
1704698177576,3234,Analysis,200,OK,Thread Group 1-9,text,true,,3305,255,40,40,https://testapi.logiqids.com/v1/user/2054311/test/1630/analysis/,3234,0,0
1704698177603,3230,Leaderboard,200,OK,Thread Group 1-29,text,true,,4369,318,40,40,https://testapi.logiqids.com/v1/user/2051681/test/1629/leaderboard/,3230,0,0
1704698177710,3165,Analysis,200,OK,Thread Group 1-36,text,true,,3303,255,40,40,https://testapi.logiqids.com/v1/user/2054760/test/1630/analysis/,3165,0,0
1704698177824,3216,Analysis,200,OK,Thread Group 1-24,text,true,,3301,255,40,40,https://testapi.logiqids.com/v1/user/2064512/test/1632/analysis/,3216,0,0
1704698177837,3216,Analysis,200,OK,Thread Group 1-16,text,true,,3303,255,40,40,https://testapi.logiqids.com/v1/user/2053626/test/1630/analysis/,3216,0,0
1704698177896,3185,Analysis,200,OK,Thread Group 1-37,text,true,,3301,255,40,40,https://testapi.logiqids.com/v1/user/2050481/test/1628/analysis/,3185,0,0
1704698178092,3198,Analysis,200,OK,Thread Group 1-11,text,true,,3278,255,40,40,https://testapi.logiqids.com/v1/user/2054591/test/1630/analysis/,3198,0,0
1704698178103,3241,Analysis,200,OK,Thread Group 1-26,text,true,,3304,255,40,40,https://testapi.logiqids.com/v1/user/2054340/test/1630/analysis/,3241,0,0
1704698178131,3216,Analysis,200,OK,Thread Group 1-40,text,true,,3296,255,40,40,https://testapi.logiqids.com/v1/user/2055239/test/1631/analysis/,3216,0,0
1704698178340,3208,Leaderboard,200,OK,Thread Group 1-32,text,true,,3867,318,40,40,https://testapi.logiqids.com/v1/user/2063301/test/1630/leaderboard/,3208,0,0
1704698178390,3174,Analysis,200,OK,Thread Group 1-38,text,true,,3299,255,40,40,https://testapi.logiqids.com/v1/user/2057698/test/1633/analysis/,3174,0,0
1704698178574,3189,Leaderboard,200,OK,Thread Group 1-33,text,true,,4296,318,40,40,https://testapi.logiqids.com/v1/user/2061138/test/1628/leaderboard/,3189,0,0
1704698178637,3148,Analysis,200,OK,Thread Group 1-39,text,true,,3176,255,40,40,https://testapi.logiqids.com/v1/user/2048912/test/1627/analysis/,3148,0,0
1704698178388,3462,Leaderboard,200,OK,Thread Group 1-30,text,true,,16978,316,40,40,https://testapi.logiqids.com/v1/user/951043/test/1627/leaderboard/,3462,0,0
1704698178770,3149,Leaderboard,200,OK,Thread Group 1-35,text,true,,43507,318,40,40,https://testapi.logiqids.com/v1/user/2152346/test/1626/leaderboard/,3148,0,0
1704698178656,3269,Leaderboard,200,OK,Thread Group 1-34,text,true,,43509,318,40,40,https://testapi.logiqids.com/v1/user/1776425/test/1626/leaderboard/,3267,0,0
1704698178879,3115,Leaderboard,200,OK,Thread Group 1-22,text,true,,4296,318,40,40,https://testapi.logiqids.com/v1/user/2051069/test/1628/leaderboard/,3115,0,0
1704698179021,3005,Pricing,200,OK,Thread Group 1-27,text,true,,2891,290,40,40,https://testapi.logiqids.com/v2/product/pricing/,3005,0,0
1704698178897,3221,Leaderboard,200,OK,Thread Group 1-31,text,true,,2518,318,39,39,https://testapi.logiqids.com/v1/user/2064532/test/1632/leaderboard/,3221,0,0
1704698179147,2975,Pricing,200,OK,Thread Group 1-28,text,true,,2891,290,39,39,https://testapi.logiqids.com/v2/product/pricing/,2975,0,0
1704698179142,3029,Leaderboard,200,OK,Thread Group 1-14,text,true,,4294,318,38,38,https://testapi.logiqids.com/v1/user/2061122/test/1628/leaderboard/,3029,0,0
1704698179242,3074,Leaderboard,200,OK,Thread Group 1-23,text,true,,3870,318,38,38,https://testapi.logiqids.com/v1/user/2054200/test/1630/leaderboard/,3074,0,0
1704698179348,2976,Leaderboard,200,OK,Thread Group 1-2,text,true,,6501,318,38,38,https://testapi.logiqids.com/v1/user/1213985/test/1628/leaderboard/,2976,0,0
1704698179390,2961,Leaderboard,200,OK,Thread Group 1-17,text,true,,3704,318,38,38,https://testapi.logiqids.com/v1/user/2055409/test/1631/leaderboard/,2961,0,0
1704698179585,2925,Leaderboard,200,OK,Thread Group 1-4,text,true,,4371,318,38,38,https://testapi.logiqids.com/v1/user/2061360/test/1629/leaderboard/,2925,0,0
1704698179437,3102,Leaderboard,200,OK,Thread Group 1-15,text,true,,3734,316,38,38,https://testapi.logiqids.com/v1/user/190260/test/1631/leaderboard/,3102,0,0
1704698179635,2910,Leaderboard,200,OK,Thread Group 1-25,text,true,,6232,318,38,38,https://testapi.logiqids.com/v1/user/2049770/test/1627/leaderboard/,2910,0,0
1704698179666,3023,Leaderboard,200,OK,Thread Group 1-3,text,true,,3877,318,38,38,https://testapi.logiqids.com/v1/user/2054764/test/1630/leaderboard/,3023,0,0
1704698179828,2909,Leaderboard,200,OK,Thread Group 1-8,text,true,,4360,318,38,38,https://testapi.logiqids.com/v1/user/2052917/test/1629/leaderboard/,2909,0,0
1704698179879,2866,Leaderboard,200,OK,Thread Group 1-19,text,true,,4375,318,38,38,https://testapi.logiqids.com/v1/user/2061506/test/1629/leaderboard/,2865,0,0
1704698179915,2938,Leaderboard,200,OK,Thread Group 1-18,text,true,,6512,316,38,38,https://testapi.logiqids.com/v1/user/693758/test/1628/leaderboard/,2938,0,0
1704698180014,2956,Leaderboard,200,OK,Thread Group 1-20,text,true,,4371,318,38,38,https://testapi.logiqids.com/v1/user/2052823/test/1629/leaderboard/,2956,0,0
1704698180084,2897,Leaderboard,200,OK,Thread Group 1-21,text,true,,3856,318,38,38,https://testapi.logiqids.com/v1/user/2054186/test/1630/leaderboard/,2897,0,0
1704698180206,2818,Leaderboard,200,OK,Thread Group 1-5,text,true,,4365,318,38,38,https://testapi.logiqids.com/v1/user/2052503/test/1629/leaderboard/,2818,0,0
1704698180325,2859,Leaderboard,200,OK,Thread Group 1-7,text,true,,3735,316,38,38,https://testapi.logiqids.com/v1/user/626209/test/1631/leaderboard/,2859,0,0
1704698180360,2836,Leaderboard,200,OK,Thread Group 1-1,text,true,,43512,318,38,38,https://testapi.logiqids.com/v1/user/2152344/test/1626/leaderboard/,2833,0,0
1704698180326,2896,Leaderboard,200,OK,Thread Group 1-13,text,true,,2572,318,38,38,https://testapi.logiqids.com/v1/user/2064724/test/1633/leaderboard/,2896,0,0
1704698180574,2852,Leaderboard,200,OK,Thread Group 1-6,text,true,,3698,318,38,38,https://testapi.logiqids.com/v1/user/2063482/test/1631/leaderboard/,2852,0,0
1704698180571,2856,Leaderboard,200,OK,Thread Group 1-10,text,true,,3698,318,38,38,https://testapi.logiqids.com/v1/user/2055385/test/1631/leaderboard/,2856,0,0
1704698180616,2826,Leaderboard,200,OK,Thread Group 1-12,text,true,,4291,318,38,38,https://testapi.logiqids.com/v1/user/2060937/test/1628/leaderboard/,2826,0,0
1704698180834,2723,Pricing,200,OK,Thread Group 1-29,text,true,,2891,290,38,38,https://testapi.logiqids.com/v2/product/pricing/,2723,0,0
1704698180810,2809,Leaderboard,200,OK,Thread Group 1-9,text,true,,3868,318,37,37,https://testapi.logiqids.com/v1/user/2054311/test/1630/leaderboard/,2809,0,0
1704698180875,2775,Leaderboard,200,OK,Thread Group 1-36,text,true,,3862,318,37,37,https://testapi.logiqids.com/v1/user/2054760/test/1630/leaderboard/,2775,0,0
1704698181041,2719,Leaderboard,200,OK,Thread Group 1-24,text,true,,2552,318,37,37,https://testapi.logiqids.com/v1/user/2064512/test/1632/leaderboard/,2719,0,0
1704698181053,2777,Leaderboard,200,OK,Thread Group 1-16,text,true,,3870,318,37,37,https://testapi.logiqids.com/v1/user/2053626/test/1630/leaderboard/,2777,0,0
1704698181081,2778,Leaderboard,200,OK,Thread Group 1-37,text,true,,4303,318,37,37,https://testapi.logiqids.com/v1/user/2050481/test/1628/leaderboard/,2778,0,0
1704698181291,2657,Leaderboard,200,OK,Thread Group 1-11,text,true,,3869,318,37,37,https://testapi.logiqids.com/v1/user/2054591/test/1630/leaderboard/,2656,0,0
1704698181344,2664,Leaderboard,200,OK,Thread Group 1-26,text,true,,3867,318,37,37,https://testapi.logiqids.com/v1/user/2054340/test/1630/leaderboard/,2664,0,0
1704698181347,2687,Leaderboard,200,OK,Thread Group 1-40,text,true,,3708,318,37,37,https://testapi.logiqids.com/v1/user/2055239/test/1631/leaderboard/,2687,0,0
1704698181764,2389,Pricing,200,OK,Thread Group 1-33,text,true,,2891,290,37,37,https://testapi.logiqids.com/v2/product/pricing/,2389,0,0
1704698181565,2624,Leaderboard,200,OK,Thread Group 1-38,text,true,,2576,318,36,36,https://testapi.logiqids.com/v1/user/2057698/test/1633/leaderboard/,2624,0,0
1704698181850,2441,Pricing,200,OK,Thread Group 1-30,text,true,,2891,288,36,36,https://testapi.logiqids.com/v2/product/pricing/,2441,0,0
1704698181785,2546,Leaderboard,200,OK,Thread Group 1-39,text,true,,6228,318,35,35,https://testapi.logiqids.com/v1/user/2048912/test/1627/leaderboard/,2546,0,0
1704698181920,2505,Pricing,200,OK,Thread Group 1-35,text,true,,2891,290,35,35,https://testapi.logiqids.com/v2/product/pricing/,2505,0,0
1704698181925,2563,Pricing,200,OK,Thread Group 1-34,text,true,,2891,290,34,34,https://testapi.logiqids.com/v2/product/pricing/,2563,0,0
1704698181994,2611,Pricing,200,OK,Thread Group 1-22,text,true,,2891,290,33,33,https://testapi.logiqids.com/v2/product/pricing/,2611,0,0
1704698182171,2616,Pricing,200,OK,Thread Group 1-14,text,true,,2891,290,32,32,https://testapi.logiqids.com/v2/product/pricing/,2616,0,0
1704698182118,2680,Pricing,200,OK,Thread Group 1-31,text,true,,8174,290,31,31,https://testapi.logiqids.com/v2/product/pricing/,2680,0,0
1704698182324,2652,Pricing,200,OK,Thread Group 1-2,text,true,,2891,290,30,30,https://testapi.logiqids.com/v2/product/pricing/,2651,0,0
1704698182316,2703,Pricing,200,OK,Thread Group 1-23,text,true,,2891,290,29,29,https://testapi.logiqids.com/v2/product/pricing/,2703,0,0
1704698182351,2791,Pricing,200,OK,Thread Group 1-17,text,true,,2891,290,28,28,https://testapi.logiqids.com/v2/product/pricing/,2791,0,0
1704698182510,2656,Pricing,200,OK,Thread Group 1-4,text,true,,2891,290,27,27,https://testapi.logiqids.com/v2/product/pricing/,2656,0,0
1704698182545,2783,Pricing,200,OK,Thread Group 1-25,text,true,,2891,290,26,26,https://testapi.logiqids.com/v2/product/pricing/,2783,0,0
1704698181548,3878,Pricing,200,OK,Thread Group 1-32,text,true,,8174,290,25,25,https://testapi.logiqids.com/v2/product/pricing/,3878,0,0
1704698182689,2764,Pricing,200,OK,Thread Group 1-3,text,true,,2891,290,24,24,https://testapi.logiqids.com/v2/product/pricing/,2764,0,0
1704698182748,2887,Pricing,200,OK,Thread Group 1-19,text,true,,2891,290,23,23,https://testapi.logiqids.com/v2/product/pricing/,2887,0,0
1704698182738,3021,Pricing,200,OK,Thread Group 1-8,text,true,,8174,290,22,22,https://testapi.logiqids.com/v2/product/pricing/,3021,0,0
1704698182853,2951,Pricing,200,OK,Thread Group 1-18,text,true,,2891,288,21,21,https://testapi.logiqids.com/v2/product/pricing/,2951,0,0
1704698182973,2902,Pricing,200,OK,Thread Group 1-20,text,true,,2891,290,20,20,https://testapi.logiqids.com/v2/product/pricing/,2902,0,0
1704698183025,3032,Pricing,200,OK,Thread Group 1-5,text,true,,2891,290,19,19,https://testapi.logiqids.com/v2/product/pricing/,3032,0,0
1704698182982,3220,Pricing,200,OK,Thread Group 1-21,text,true,,2861,290,18,18,https://testapi.logiqids.com/v2/product/pricing/,3219,0,0
1704698183184,3099,Pricing,200,OK,Thread Group 1-7,text,true,,2891,288,17,17,https://testapi.logiqids.com/v2/product/pricing/,3099,0,0
1704698183222,3206,Pricing,200,OK,Thread Group 1-13,text,true,,2891,290,16,16,https://testapi.logiqids.com/v2/product/pricing/,3206,0,0
1704698183426,3130,Pricing,200,OK,Thread Group 1-6,text,true,,2891,290,15,15,https://testapi.logiqids.com/v2/product/pricing/,3130,0,0
1704698183197,3363,Pricing,200,OK,Thread Group 1-1,text,true,,2861,290,14,14,https://testapi.logiqids.com/v2/product/pricing/,3363,0,0
1704698183428,3257,Pricing,200,OK,Thread Group 1-10,text,true,,2891,290,13,13,https://testapi.logiqids.com/v2/product/pricing/,3257,0,0
1704698183442,3302,Pricing,200,OK,Thread Group 1-12,text,true,,2891,290,12,12,https://testapi.logiqids.com/v2/product/pricing/,3302,0,0
1704698183650,3215,Pricing,200,OK,Thread Group 1-36,text,true,,2891,290,11,11,https://testapi.logiqids.com/v2/product/pricing/,3215,0,0
1704698183760,3263,Pricing,200,OK,Thread Group 1-24,text,true,,2891,290,10,10,https://testapi.logiqids.com/v2/product/pricing/,3263,0,0
1704698182539,4534,Pricing,200,OK,Thread Group 1-15,text,true,,8176,288,9,9,https://testapi.logiqids.com/v2/product/pricing/,4534,0,0
1704698183830,3348,Pricing,200,OK,Thread Group 1-16,text,true,,2891,290,8,8,https://testapi.logiqids.com/v2/product/pricing/,3348,0,0
1704698183860,3360,Pricing,200,OK,Thread Group 1-37,text,true,,2891,290,7,7,https://testapi.logiqids.com/v2/product/pricing/,3360,0,0
1704698183948,3426,Pricing,200,OK,Thread Group 1-11,text,true,,2891,290,6,6,https://testapi.logiqids.com/v2/product/pricing/,3426,0,0
1704698183619,3773,Pricing,200,OK,Thread Group 1-9,text,true,,8174,290,5,5,https://testapi.logiqids.com/v2/product/pricing/,3773,0,0
1704698184009,3406,Pricing,200,OK,Thread Group 1-26,text,true,,2891,290,4,4,https://testapi.logiqids.com/v2/product/pricing/,3406,0,0
1704698184189,3410,Pricing,200,OK,Thread Group 1-38,text,true,,2891,290,3,3,https://testapi.logiqids.com/v2/product/pricing/,3410,0,0
1704698184035,3582,Pricing,200,OK,Thread Group 1-40,text,true,,2891,290,2,2,https://testapi.logiqids.com/v2/product/pricing/,3582,0,0
1704698184332,3295,Pricing,200,OK,Thread Group 1-39,text,true,,2891,290,1,1,https://testapi.logiqids.com/v2/product/pricing/,3295,0,0
